Player Id,Name,Games Played Fumbles,Games Played Rushing,Fumbles,Rushing Attempts,Rushing Yards
joeadams/2532782,"Adams, Joe",9,9,0,3,13
t.j.carrie/2550164,"Carrie, T.J.",13,0,2,0,0
jasonbaker/2504395,"Baker, Jason",16,16,0,1,0
tomsavage/2543640,"Savage, Tom",2,2,2,6,-6
willblackmon/2495809,"Blackmon, Will",5,0,2,0,0
titusyoung/2495253,"Young, Titus",16,16,0,2,15
brandontate/81306,"Tate, Brandon",16,16,0,5,62
johncarlson/1966,"Carlson, John",15,0,--,0,0
chrischambers/2504695,"Chambers, Chris",13,13,--,--,--
kenyandrake/2555230,"Drake, Kenyan",16,16,0,33,179
robertmcclain/1037913,"McClain, Robert",16,0,--,0,0
jimdray/497226,"Dray, Jim",16,0,--,0,0
yamonfigurs/2495602,"Figurs, Yamon",1,1,--,--,--
t.j.jones/2543836,"Jones, T.J.",10,10,0,1,-3
darylrichardson/2534789,"Richardson, Daryl",16,16,2,98,475
kealohapilares/2495326,"Pilares, Kealoha",12,12,--,--,--
amaricooper/2552487,"Cooper, Amari",16,16,0,3,-3
dariusreynaud/784,"Reynaud, Darius",9,9,--,--,--
davidgarrard/2505101,"Garrard, David",14,14,5,66,279
jimmygraham/497236,"Graham, Jimmy",15,15,0,1,3
dujuanharris/2530690,"Harris, DuJuan",5,5,0,9,42
josephaddai/2495793,"Addai, Joseph",8,8,2,116,495
deandrewwhite/2552657,"White, DeAndrew",4,0,1,0,0
andrewilliams/2543565,"Williams, Andre",16,16,1,217,721
jacobtamme/324,"Tamme, Jacob",16,0,--,0,0
quintondunbar/2553796,"Dunbar, Quinton",11,0,--,0,0
dominiquerodgers-cromartie/306,"Rodgers-Cromartie, Dominique",16,0,1,0,0
julianedelman/238498,"Edelman, Julian",15,15,0,2,14
bryanscott/2505467,"Scott, Bryan",15,0,1,0,0
da'relscott/2495227,"Scott, Da'Rel",11,11,1,5,16
pato'donnell/2543611,"O'Donnell, Pat",16,16,1,1,-12
dantewesley/2505094,"Wesley, Dante",3,0,--,0,0
derrickward/2505967,"Ward, Derrick",16,16,0,50,315
connorcook/2555332,"Cook, Connor",1,0,2,0,0
devinfunchess/2552458,"Funchess, Devin",16,0,1,0,0
jamisoncrowder/2552415,"Crowder, Jamison",16,16,0,2,2
maxkomar/2507900,"Komar, Max",8,0,3,0,0
sedrickellis/228,"Ellis, Sedrick",16,0,--,0,0
ameerabdullah/2552374,"Abdullah, Ameer",16,16,4,143,597
a.j.green/2495450,"Green, A.J.",15,15,1,5,53
marionbarber/2506447,"Barber, Marion",13,13,0,113,374
gregjennings/2495867,"Jennings, Greg",16,16,0,1,-1
michaelcrabtree/71269,"Crabtree, Michael",16,16,--,--,--
le'veonbell/2540175,"Bell, Le'Veon",13,13,1,244,860
davidanderson/2495796,"Anderson, David",12,0,--,0,0
javoriusallen/2552631,"Allen, Javorius",16,16,2,137,514
brandincooks/2543498,"Cooks, Brandin",10,10,0,7,73
johnnyknox/79595,"Knox, Johnny",16,16,0,1,2
dezbryant/497278,"Bryant, Dez",12,12,0,1,0
mattdarr/2553642,"Darr, Matt",16,16,--,--,--
zachertz/2540158,"Ertz, Zach",16,0,--,0,0
hunterhenry/2555341,"Henry, Hunter",15,0,1,0,0
damienwilliams/2550512,"Williams, Damien",16,16,0,36,122
andre'goodman/2505064,"Goodman, Andre'",8,0,--,0,0
reshadjones/496739,"Jones, Reshad",13,0,--,0,0
bennysapp/2505750,"Sapp, Benny",16,0,1,0,0
charliebatch/2499567,"Batch, Charlie",3,3,2,7,30
adrianpeterson/2507164,"Peterson, Adrian",15,15,1,283,"1,298"
nicktoon/2532960,"Toon, Nick",8,8,--,--,--
jamiecollins/2539311,"Collins, Jamie",16,0,--,0,0
carloshyde/2543743,"Hyde, Carlos",14,14,1,83,333
jacquiessmith/2533005,"Smith, Jacquies",0,0,--,0,0
ericweddle/2495775,"Weddle, Eric",16,16,--,--,--
janorisjenkins/2532875,"Jenkins, Janoris",15,0,3,0,0
brandonflowers/754,"Flowers, Brandon",15,0,--,0,0
chrismoore/2555209,"Moore, Chris",15,15,0,3,19
codydavis/2541135,"Davis, Cody",12,0,--,0,0
vickballard/2533012,"Ballard, Vick",16,16,3,211,814
dustincolquitt/2506438,"Colquitt, Dustin",16,16,--,--,--
chrisellis/226,"Ellis, Chris",5,0,1,0,0
t.j.yates/2508123,"Yates, T.J.",6,6,1,14,57
nevillehewitt/2553657,"Hewitt, Neville",16,0,--,0,0
thomasdecoud/1357,"DeCoud, Thomas",16,0,1,0,0
robertturbin/2533460,"Turbin, Robert",16,16,0,80,354
demaryiusthomas/497328,"Thomas, Demaryius",10,10,1,2,1
kevinhuber/71333,"Huber, Kevin",16,16,--,--,--
garybarnidge/1060,"Barnidge, Gary",16,0,--,0,0
chriskluwe/2506178,"Kluwe, Chris",16,16,--,--,--
coltmccoy/497123,"McCoy, Colt",8,8,0,28,136
walterthurmond/494315,"Thurmond, Walter",14,0,1,0,0
tarvarisjackson/2495863,"Jackson, Tarvaris",3,3,1,7,63
bradwing/2540208,"Wing, Brad",16,16,1,1,0
lukemccown/2506053,"McCown, Luke",1,1,0,1,4
drewbrees/2504775,"Brees, Drew",16,16,0,18,-3
tevincoleman/2552453,"Coleman, Tevin",12,12,3,87,392
philiprivers/2506121,"Rivers, Philip",16,16,3,29,52
vancemcdonald/2540215,"McDonald, Vance",15,0,--,0,0
williesnead/2550256,"Snead, Willie",15,0,2,0,0
dariusjennings/2553896,"Jennings, Darius",4,0,1,0,0
calaiscampbell/744,"Campbell, Calais",15,0,--,0,0
jabargaffney/2505033,"Gaffney, Jabar",16,16,--,--,--
t.y.hilton/2532865,"Hilton, T.Y.",15,15,0,5,29
robgronkowski/497240,"Gronkowski, Rob",16,16,--,--,--
kalifraymond/2556661,"Raymond, Kalif",4,0,2,0,0
jermainekearse/2532887,"Kearse, Jermaine",7,7,--,--,--
reggiebush/2506874,"Bush, Reggie",8,8,0,36,150
loganpayne/2507047,"Payne, Logan",0,0,--,0,0
rashadgreene/2552425,"Greene, Rashad",9,0,1,0,0
emmanuelsanders/497322,"Sanders, Emmanuel",13,13,--,--,--
jaceamaro/2543481,"Amaro, Jace",14,0,1,0,0
stevesmith/2504595,"Smith, Steve",14,14,0,1,9
lancedunbar/2535708,"Dunbar, Lance",12,12,0,21,75
rondebarber/2499530,"Barber, Ronde",16,0,--,0,0
coreywhite/2532972,"White, Corey",10,0,--,0,0
julianpeterson/2504300,"Peterson, Julian",15,0,--,0,0
brittoncolquitt/71259,"Colquitt, Britton",16,16,0,1,0
coreybrown/2550546,"Brown, Corey",13,13,0,8,95
thomasrawls/2553733,"Rawls, Thomas",13,13,1,147,830
joshthomas/2508121,"Thomas, Josh",9,0,--,0,0
raheemmostert/2553728,"Mostert, Raheem",1,1,--,--,--
kellenmoore/2532917,"Moore, Kellen",0,0,--,--,--
sharriffloyd/2540150,"Floyd, Sharrif",16,0,1,0,0
antonesmith/89798,"Smith, Antone",9,9,0,1,-3
austinpettis/2495212,"Pettis, Austin",12,12,0,1,-6
hinesward/2503532,"Ward, Hines",16,16,0,1,-2
jonathanvilma/2505973,"Vilma, Jonathan",16,0,--,0,0
javierarenas/494249,"Arenas, Javier",16,16,0,1,5
paulperkins/2555460,"Perkins, Paul",14,14,1,112,456
jamesdevelin/2508101,"Develin, James",1,1,--,--,--
michaelfloyd/2532841,"Floyd, Michael",16,16,--,--,--
matmcbriar/2505268,"McBriar, Mat",16,16,1,1,0
mattmcgloin/2542065,"McGloin, Matt",7,7,2,11,27
cecilshorts/2495341,"Shorts, Cecil",10,10,--,--,--
taiwanjones/2495467,"Jones, Taiwan",10,10,0,16,73
davidjohnson/2553435,"Johnson, David",16,16,2,125,581
charlessims/2543770,"Sims, Charles",8,8,2,66,185
terencenewman/2505552,"Newman, Terence",16,16,--,--,--
dakprescott/2555260,"Prescott, Dak",16,16,3,57,282
lamarmiller/2533034,"Miller, Lamar",13,13,0,51,250
chriscarr/2506154,"Carr, Chris",16,0,--,0,0
craigdavis/2495592,"Davis, Craig",7,7,--,--,--
bryanmccann/2507935,"McCann, Bryan",0,0,--,0,0
marcmariani/1037885,"Mariani, Marc",16,16,--,--,--
gregtoler/237680,"Toler, Greg",14,0,--,0,0
donniejones/2505889,"Jones, Donnie",16,16,--,--,--
jonkitna/2501630,"Kitna, Jon",10,10,2,31,147
legarretteblount/497149,"Blount, LeGarrette",13,13,3,201,"1,007"
jayfeely/2504343,"Feely, Jay",16,16,0,1,5
toddgurley/2552475,"Gurley, Todd",13,13,3,229,"1,106"
alshonjeffery/2533039,"Jeffery, Alshon",10,10,--,--,--
leseanmccoy/79607,"McCoy, LeSean",15,15,1,207,"1,080"
colinkaepernick/2495186,"Kaepernick, Colin",3,3,0,2,-2
dougmartin/2532899,"Martin, Doug",16,16,1,319,"1,454"
benjaminwatson/2506122,"Watson, Benjamin",16,16,0,1,-1
j.j.nelson/2552656,"Nelson, J.J.",11,11,0,1,0
robhousler/2508112,"Housler, Rob",12,12,--,--,--
mohamedmassaquoi/80664,"Massaquoi, Mohamed",15,15,0,1,-3
rayrice/941,"Rice, Ray",16,16,0,307,"1,220"
brandonmanumaleuna/2504600,"Manumaleuna, Brandon",16,16,--,--,--
jordanhoward/2555418,"Howard, Jordan",15,15,1,252,"1,313"
mariomanningham/1030,"Manningham, Mario",16,16,0,1,2
reggiekelly/2501583,"Kelly, Reggie",16,0,--,0,0
marcusmariota/2552466,"Mariota, Marcus",12,12,2,34,252
mikehart/246,"Hart, Mike",7,7,0,43,185
dwayneharris/2495159,"Harris, Dwayne",7,7,--,--,--
jaredabbrederis/2543774,"Abbrederis, Jared",10,0,1,0,0
jonathanstewart/949,"Stewart, Jonathan",14,14,4,178,770
rashadjennings/71345,"Jennings, Rashad",13,13,0,84,459
arnazbattle/2505571,"Battle, Arnaz",15,15,--,--,--
joeygalloway/2500744,"Galloway, Joey",10,10,--,--,--
russellwilson/2532975,"Wilson, Russell",16,16,2,94,489
brentonbersin/2535966,"Bersin, Brenton",15,0,2,0,0
kylewilson/79527,"Wilson, Kyle",16,0,2,0,0
maxxwilliams/2552468,"Williams, Maxx",14,0,1,0,0
chadpennington/2504181,"Pennington, Chad",1,1,--,--,--
isaiahburse/2550182,"Burse, Isaiah",12,0,3,0,0
danielfells/2506619,"Fells, Daniel",16,0,--,0,0
ladainiantomlinson/2504778,"Tomlinson, LaDainian",15,15,2,219,914
ka'deemcarey/2543551,"Carey, Ka'Deem",14,14,0,36,158
trentrichardson/2533032,"Richardson, Trent",15,15,3,267,950
mattware/2505981,"Ware, Matt",14,0,1,0,0
antoniobrown/2508061,"Brown, Antonio",9,9,--,--,--
gregolsen/2495700,"Olsen, Greg",16,0,2,0,0
deseanjackson/1581,"Jackson, DeSean",14,14,0,16,104
nickwilliams/2540279,"Williams, Nick",5,0,1,0,0
willfuller/2555346,"Fuller, Will",14,14,0,1,-3
erikwalden/2507488,"Walden, Erik",2,0,--,0,0
juwanthompson/2550263,"Thompson, Juwan",15,15,1,54,272
markbarron/2532789,"Barron, Mark",16,0,--,0,0
dedrickepps/497230,"Epps, Dedrick",3,0,--,0,0
derekcarr/2543499,"Carr, Derek",16,16,6,29,92
jordanmatthews/2543500,"Matthews, Jordan",16,0,--,0,0
clayharbor/497242,"Harbor, Clay",9,0,--,0,0
genoatkins/496762,"Atkins, Geno",16,0,--,0,0
anthonylevine/2508004,"Levine, Anthony",2,2,--,--,--
byronleftwich/2505673,"Leftwich, Byron",1,1,--,--,--
alexsmith/2506340,"Smith, Alex",11,11,0,18,60
tramonwilliams/2506789,"Williams, Tramon",16,0,2,0,0
champbailey/2499489,"Bailey, Champ",15,15,--,--,--
jarvislandry/2543488,"Landry, Jarvis",16,16,0,2,-4
darylwashington/496959,"Washington, Daryl",16,0,1,0,0
jasoncampbell/2506364,"Campbell, Jason",13,13,2,47,222
darrylroberts/2553353,"Roberts, Darryl",12,0,1,0,0
brandonboykin/2532798,"Boykin, Brandon",16,0,1,0,0
tonyscheffler/2495942,"Scheffler, Tony",15,15,--,--,--
gartrelljohnson/80652,"Johnson, Gartrell",9,9,0,10,36
justinblackmon/2533038,"Blackmon, Justin",16,16,0,2,23
timcastille/2507268,"Castille, Tim",10,10,0,5,3
jaredallen/2505940,"Allen, Jared",16,0,--,0,0
kennybritt/71217,"Britt, Kenny",12,12,--,--,--
kevinwalter/2505453,"Walter, Kevin",16,16,--,--,--
j.p.foschi/2505813,"Foschi, J.P.",2,0,--,0,0
lacedwards/2555558,"Edwards, Lac",16,16,1,1,0
damarisjohnson/2536031,"Johnson, Damaris",14,14,0,3,12
anthonyfasano/2495835,"Fasano, Anthony",15,0,--,0,0
jayelliott/2550196,"Elliott, Jay",13,0,--,0,0
tashardchoice/1970,"Choice, Tashard",16,16,0,66,243
davanteadams/2543495,"Adams, Davante",16,0,--,0,0
joehaden/496733,"Haden, Joe",16,0,1,0,0
ryangriffin/2541316,"Griffin, Ryan",15,0,--,0,0
darrelyoung/2507737,"Young, Darrel",16,16,0,4,19
jorrickcalvin/1037862,"Calvin, Jorrick",12,0,2,0,0
dannytrevathan/2532961,"Trevathan, Danny",16,0,--,0,0
kyleorton/2506444,"Orton, Kyle",13,13,3,22,98
richardgoodman/2508022,"Goodman, Richard",3,0,1,0,0
johnnyhekker/2535663,"Hekker, Johnny",16,16,0,1,-9
malcolmjohnson/2553446,"Johnson, Malcolm",12,12,--,--,--
akeemhunt/2553660,"Hunt, Akeem",7,7,0,17,96
a.j.jefferson/494275,"Jefferson, A.J.",2,0,--,0,0
larryfitzgerald/2506106,"Fitzgerald, Larry",16,16,--,--,--
matthewstafford/79860,"Stafford, Matthew",3,3,1,4,11
rodstreater/2535869,"Streater, Rod",16,16,--,--,--
davidpaulson/2532924,"Paulson, David",16,0,1,0,0
vontaleach/2505777,"Leach, Vonta",16,16,--,--,--
derekcarrier/2534241,"Carrier, Derek",5,5,--,--,--
j.j.wilcox/2540219,"Wilcox, J.J.",13,0,--,0,0
jermainegresham/497238,"Gresham, Jermaine",15,0,2,0,0
jeriousnorwood/2495921,"Norwood, Jerious",2,2,0,2,8
ericdecker/497284,"Decker, Eric",14,14,--,--,--
naufahutahi/2506630,"Tahi, Naufahu",15,15,0,1,1
dimitripatterson/2506600,"Patterson, Dimitri",16,0,1,0,0
brandonweeden/2532970,"Weeden, Brandon",15,15,2,27,111
chasedaniel/81284,"Daniel, Chase",13,13,1,2,16
connorshaw/2550252,"Shaw, Connor",1,1,1,7,9
brianleonard/2495660,"Leonard, Brian",11,11,0,9,61
mikegoodson/80644,"Goodson, Mike",16,16,4,103,452
lanceball/2507518,"Ball, Lance",10,10,1,41,158
eddieroyal/1990,"Royal, Eddie",16,16,1,6,61
raylewis/2501750,"Lewis, Ray",16,0,--,0,0
coreyfuller/2540261,"Fuller, Corey",16,0,1,0,0
luckywhitehead/2553621,"Whitehead, Lucky",15,15,0,10,107
kennethdixon/2555229,"Dixon, Kenneth",12,12,1,88,382
jordantaylor/2553606,"Taylor, Jordan",16,0,1,0,0
juliusthomas/2495353,"Thomas, Julius",5,0,--,0,0
chrisconley/2552652,"Conley, Chris",16,0,--,0,0
marquetteking/2534819,"King, Marquette",16,16,--,--,--
joshgordon/2537931,"Gordon, Josh",16,16,--,--,--
lancekendricks/2495187,"Kendricks, Lance",15,15,0,1,-8
ericweems/2507029,"Weems, Eric",16,16,--,--,--
dannywoodhead/4327,"Woodhead, Danny",1,1,--,--,--
delaniewalker/2495966,"Walker, Delanie",14,14,0,3,18
morannorris/2504757,"Norris, Moran",16,16,0,3,0
jariuswright/2532978,"Wright, Jarius",7,7,0,2,11
jeremyhill/2543603,"Hill, Jeremy",16,16,4,222,"1,124"
lardariuswebb/81879,"Webb, Lardarius",15,0,2,0,0
shaunhill/2504833,"Hill, Shaun",11,11,2,22,123
austindavis/2533349,"Davis, Austin",0,0,--,--,--
johnnymanziel/2543462,"Manziel, Johnny",5,5,0,9,29
williamgay/2507220,"Gay, William",16,0,--,0,0
leeevans/2506097,"Evans, Lee",13,13,--,--,--
juliojones/2495454,"Jones, Julio",13,13,0,6,56
dougbaldwin/2530747,"Baldwin, Doug",16,16,0,1,-2
gregjenkins/2541991,"Jenkins, Greg",6,0,1,0,0
a.j.jenkins/2532876,"Jenkins, A.J.",3,3,--,--,--
allenrobinson/2543509,"Robinson, Allen",10,0,--,0,0
tyrodtaylor/2495240,"Taylor, Tyrod",3,3,0,1,2
carsonwentz/2555259,"Wentz, Carson",16,16,4,46,150
leonwashington/2495967,"Washington, Leon",16,16,0,27,100
jonathanwilliams/2555227,"Williams, Jonathan",11,11,2,27,94
marcussherels/2508007,"Sherels, Marcus",1,0,--,0,0
terrellepryor/2531332,"Pryor, Terrelle",1,1,--,--,--
edreed/2505221,"Reed, Ed",10,0,2,0,0
tombrady/2504211,"Brady, Tom",16,16,1,31,30
chrisjohnson/2505465,"Johnson, Chris",12,0,1,0,0
heathevans/2504756,"Evans, Heath",16,16,0,2,2
benpatrick/2495703,"Patrick, Ben",15,0,1,0,0
marcusthomas/2507202,"Thomas, Marcus",16,0,--,0,0
bilalpowell/2495328,"Powell, Bilal",2,2,1,13,21
dannyamendola/2649,"Amendola, Danny",16,16,0,7,81
danorlovsky/2506481,"Orlovsky, Dan",1,1,--,--,--
scottchandler/2495573,"Chandler, Scott",9,0,--,0,0
tylerboyd/2555466,"Boyd, Tyler",16,16,0,4,58
thadlewis/497121,"Lewis, Thad",0,0,--,--,--
odellbeckham/2543496,"Beckham, Odell",12,12,0,7,35
chrisgamble/2506101,"Gamble, Chris",11,0,--,0,0
isaiahcrowell/2550189,"Crowell, Isaiah",16,16,3,148,607
chrisharris/2506516,"Harris, Chris",16,0,--,0,0
anthonyarmstrong/2507539,"Armstrong, Anthony",15,15,--,--,--
spencerware/2540204,"Ware, Spencer",2,2,0,3,10
cobyfleener/2532838,"Fleener, Coby",12,12,--,--,--
devinmccourty/494287,"McCourty, Devin",16,0,--,0,0
michaelthomas/2556370,"Thomas, Michael",15,0,2,0,0
charlesclay/2495139,"Clay, Charles",14,14,--,--,--
antoinecason/208,"Cason, Antoine",16,0,--,0,0
tonygonzalez/2500835,"Gonzalez, Tony",16,16,--,--,--
joshmccown/2505076,"McCown, Josh",3,3,0,12,68
martavisbryant/2543572,"Bryant, Martavis",10,10,0,3,12
jimmysmith/2508107,"Smith, Jimmy",12,0,1,0,0
fozzywhittaker/2540037,"Whittaker, Fozzy",3,3,--,--,--
garrettcelek/2534820,"Celek, Garrett",13,0,--,0,0
anthonydixon/497172,"Dixon, Anthony",16,16,0,70,237
bernardscott/81869,"Scott, Bernard",16,16,0,61,299
jeromefelton/230,"Felton, Jerome",16,16,1,22,76
jaredcook/71265,"Cook, Jared",16,16,--,--,--
miketolbert/2507428,"Tolbert, Mike",15,15,5,182,735
dorindickerson/497222,"Dickerson, Dorin",7,7,--,--,--
adamthielen/2541785,"Thielen, Adam",16,16,--,--,--
alfredblue/2543600,"Blue, Alfred",16,16,0,169,528
dominicrhodes/2504378,"Rhodes, Dominic",3,3,1,37,172
zachzenner/2553631,"Zenner, Zach",6,6,0,17,60
jacobybrissett/2555261,"Brissett, Jacoby",3,3,2,16,83
jaycutler/2495824,"Cutler, Jay",15,15,1,50,232
dwayneallen/2533046,"Allen, Dwayne",16,16,0,3,5
mattmoore/2507282,"Moore, Matt",6,6,0,5,25
brianhartline/81831,"Hartline, Brian",12,12,0,2,27
chrisbaker/2505083,"Baker, Chris",16,0,--,0,0
tavonaustin/2539336,"Austin, Tavon",13,13,0,9,151
jermichaelfinley/1072,"Finley, Jermichael",5,0,--,0,0
skyedawson/2541616,"Dawson, Skye",7,7,0,2,15
brandonjacobs/2506448,"Jacobs, Brandon",16,16,2,147,823
dextermccluster/497190,"McCluster, Dexter",11,11,1,18,71
charlesjohnson/2541147,"Johnson, Charles",0,0,--,--,--
ezekielelliott/2555224,"Elliott, Ezekiel",15,15,5,322,"1,631"
marshawnlynch/2495663,"Lynch, Marshawn",4,4,1,37,164
jordanberry/2553348,"Berry, Jordan",16,16,--,--,--
timjennings/2495869,"Jennings, Tim",16,0,--,0,0
tommyleelewis/2556752,"Lewis, Tommylee",12,12,0,3,11
ahmardhall/2507007,"Hall, Ahmard",16,16,0,1,1
mattleinart/2506878,"Leinart, Matt",0,0,--,--,--
mattryan/310,"Ryan, Matt",16,16,1,46,122
chrisredman/2504314,"Redman, Chris",2,2,0,1,-1
anquanboldin/2505587,"Boldin, Anquan",16,16,0,2,2
jamesstarks/497206,"Starks, James",3,3,0,29,101
alexcollins/2555430,"Collins, Alex",11,11,2,31,125
drewstanton/2495748,"Stanton, Drew",6,6,0,18,113
dionsims/2540200,"Sims, Dion",15,0,--,0,0
busterskrine/2495343,"Skrine, Buster",16,0,--,0,0
mikesellers/2502894,"Sellers, Mike",16,16,0,4,2
davidmartin/2504590,"Martin, David",16,0,--,0,0
kevinogletree/81857,"Ogletree, Kevin",6,6,--,--,--
stefondiggs/2552608,"Diggs, Stefon",13,13,0,3,13
mattflynn/367,"Flynn, Matt",7,7,0,9,26
taylorgabriel/2550617,"Gabriel, Taylor",16,16,0,4,10
brandonmarshall/2495893,"Marshall, Brandon",14,14,0,2,3
mikethomas/81308,"Thomas, Mike",16,16,0,12,114
jordanpoyer/2539290,"Poyer, Jordan",3,3,--,--,--
mohamedsanu/2533040,"Sanu, Mohamed",9,9,0,5,15
brandongibson/81288,"Gibson, Brandon",14,14,0,3,28
freddavis/216,"Davis, Fred",16,16,--,--,--
elirogers/2553737,"Rogers, Eli",13,13,0,1,6
deandrelevy/71365,"Levy, DeAndre",11,0,--,0,0
solomonpatton/2550500,"Patton, Solomon",7,7,0,1,19
loganpaulsen/2507828,"Paulsen, Logan",11,0,--,0,0
billyvolek/2503939,"Volek, Billy",3,3,0,6,-5
captainmunnerlyn/80668,"Munnerlyn, Captain",16,0,2,0,0
sidneyrice/2495718,"Rice, Sidney",6,6,--,--,--
markingram/2495466,"Ingram, Mark",10,10,1,122,474
samshields/1037374,"Shields, Sam",14,0,--,0,0
phillipdorsett/2552424,"Dorsett, Phillip",11,11,0,3,17
tylerlockett/2552430,"Lockett, Tyler",16,16,0,5,20
quintonpatton/2539250,"Patton, Quinton",6,6,0,1,26
chadgreenway/2506881,"Greenway, Chad",16,0,--,0,0
syd'quanthompson/2508028,"Thompson, Syd'Quan",13,0,3,0,0
mattsimms/2534889,"Simms, Matt",3,3,1,5,37
stevenjackson/2505936,"Jackson, Steven",16,16,1,330,"1,241"
keshawnmartin/2532900,"Martin, Keshawn",16,16,0,4,53
delonecarter/2495269,"Carter, Delone",16,16,3,101,377
jalenparmele/2643,"Parmele, Jalen",16,16,--,--,--
frankgore/2506404,"Gore, Frank",11,11,3,203,853
shanelechler/2504319,"Lechler, Shane",16,16,--,--,--
c.j.spiller/497204,"Spiller, C.J.",14,14,2,74,283
robertgriffiniii/2533033,"Griffin III, Robert",15,15,9,120,815
kirkcousins/2532820,"Cousins, Kirk",3,3,0,3,22
joeyoung/2495302,"Young, Joe",16,0,1,0,0
fredtaylor/2503256,"Taylor, Fred",7,7,0,43,155
robertwoods/2540169,"Woods, Robert",14,14,0,2,16
deandrewashington/2555464,"Washington, DeAndre",14,14,1,87,467
tommieharris/2506027,"Harris, Tommie",15,0,--,0,0
justinpeelle/2505097,"Peelle, Justin",13,0,--,0,0
phillipdaniels/2500287,"Daniels, Phillip",14,0,--,0,0
matthasselbeck/2501078,"Hasselbeck, Matt",14,14,1,23,60
asantesamuel/2505472,"Samuel, Asante",11,0,1,0,0
lorenzotaliaferro/2543704,"Taliaferro, Lorenzo",13,13,1,68,292
davidreed/497318,"Reed, David",13,13,0,1,15
denardrobinson/2539260,"Robinson, Denard",16,16,3,20,66
mathiaskiwanuka/2495879,"Kiwanuka, Mathias",3,0,--,0,0
kendallwright/2532977,"Wright, Kendall",15,15,0,1,4
jonathanfreeny/2530765,"Freeny, Jonathan",16,0,--,0,0
kennethfarrow/2556801,"Farrow, Kenneth",13,13,1,60,192
roscoeparrish/2506394,"Parrish, Roscoe",8,8,0,3,23
travariscadet/2535890,"Cadet, Travaris",13,13,0,1,5
owenmarecic/2495197,"Marecic, Owen",14,14,0,4,8
shaunellis/2504170,"Ellis, Shaun",15,0,--,0,0
waltpowell/2543619,"Powell, Walt",4,0,1,0,0
paulrichardson/2543491,"Richardson, Paul",15,15,--,--,--
dustinkeller/1074,"Keller, Dustin",16,16,--,--,--
malcomfloyd/2505785,"Floyd, Malcom",11,0,1,0,0
perrishcox/494265,"Cox, Perrish",15,0,1,0,0
michaelgriffin/2495614,"Griffin, Michael",16,0,--,0,0
codykessler/2555387,"Kessler, Cody",9,9,3,11,18
alfredmorris/2533457,"Morris, Alfred",16,16,4,335,"1,613"
joethomas/2550262,"Thomas, Joe",14,0,--,0,0
vinceyoung/2506875,"Young, Vince",9,9,3,25,125
usamayoung/2507180,"Young, Usama",11,0,--,0,0
vernondavis/2495826,"Davis, Vernon",16,16,--,--,--
mikewallace/2507763,"Wallace, Mike",16,16,0,5,39
tymontgomery/2552429,"Montgomery, Ty",6,6,0,3,14
kamaraiken/2530660,"Aiken, Kamar",2,0,--,0,0
austinseferian-jenkins/2543683,"Seferian-Jenkins, Austin",9,0,1,0,0
donnienickey/2505603,"Nickey, Donnie",16,16,--,--,--
darrensproles/2506467,"Sproles, Darren",16,16,1,50,267
charcandrickwest/2550268,"West, Charcandrick",6,6,--,--,--
clintonmcdonald/89758,"McDonald, Clinton",8,0,--,0,0
jonryan/2506613,"Ryan, Jon",16,16,0,1,-9
benobomanu/2495922,"Obomanu, Ben",15,15,0,2,17
calvinpace/2505622,"Pace, Calvin",12,0,--,0,0
bretthundley/2552588,"Hundley, Brett",0,0,--,--,--
mattasiata/2495258,"Asiata, Matt",16,16,0,3,9
willtukuafu/2527672,"Tukuafu, Will",0,0,--,--,--
nelsonagholor/2552600,"Agholor, Nelson",13,13,--,--,--
colebeasley/2535698,"Beasley, Cole",10,10,--,--,--
paulposluszny/2495712,"Posluszny, Paul",14,0,--,0,0
jeremymaclin/80429,"Maclin, Jeremy",16,16,0,3,36
donteeadye/2553876,"Dye, Donteea",10,0,1,0,0
deangelowilliams/2495979,"Williams, DeAngelo",6,6,1,87,361
brettfavre/2500606,"Favre, Brett",13,13,4,17,8
ericpage/2533544,"Page, Eric",16,16,0,2,14
deandrehopkins/2540165,"Hopkins, DeAndre",16,0,1,0,0
joiquebell/497145,"Bell, Joique",5,5,--,--,--
trevoneboykin/2556477,"Boykin, Trevone",5,5,0,8,1
timmyjernigan/2543461,"Jernigan, Timmy",12,0,--,0,0
jonathangrimes/2534770,"Grimes, Jonathan",3,3,0,2,6
antoniogates/2505299,"Gates, Antonio",10,0,--,0,0
davidjohnson/79589,"Johnson, David",16,16,--,--,--
devinstreet/2543641,"Street, Devin",16,0,--,0,0
mychalrivera/2539995,"Rivera, Mychal",16,0,--,0,0
billybajema/2506578,"Bajema, Billy",13,0,1,0,0
benroethlisberger/2506109,"Roethlisberger, Ben",12,12,3,34,176
elimanning/2505996,"Manning, Eli",16,16,2,32,70
chrisrainey/2532934,"Rainey, Chris",16,16,0,26,102
chrisogbonnaya/80674,"Ogbonnaya, Chris",2,2,0,3,6
jeremybutler/2550183,"Butler, Jeremy",8,0,1,0,0
allenhurns/2550353,"Hurns, Allen",16,0,--,0,0
dukejohnson/2552461,"Johnson, Duke",16,16,0,104,379
mattjones/2552635,"Jones, Matt",13,13,4,144,490
leonardjohnson/2532878,"Johnson, Leonard",16,0,1,0,0
jimmykleinsasser/2501633,"Kleinsasser, Jimmy",16,16,--,--,--
brettkern/4263,"Kern, Brett",16,16,0,1,0
c.j.mosley/2543464,"Mosley, C.J.",16,0,--,0,0
marcelreece/4433,"Reece, Marcel",16,16,1,30,122
larryjohnson/2505491,"Johnson, Larry",2,2,0,5,2
micahhyde/2539240,"Hyde, Micah",16,0,2,0,0
tommiecampbell/2499284,"Campbell, Tommie",15,0,1,0,0
chrisjohnson/262,"Johnson, Chris",16,16,2,316,"1,364"
stevejohnson/768,"Johnson, Steve",16,16,--,--,--
ronniehillman/2533437,"Hillman, Ronnie",14,14,2,85,330
jordanreed/2540160,"Reed, Jordan",9,9,0,1,18
jacobyford/497288,"Ford, Jacoby",16,16,0,10,155
theoriddick/2540020,"Riddick, Theo",14,14,0,9,25
peytonmanning/2501863,"Manning, Peyton",16,16,1,18,18
melvingordon/2552469,"Gordon, Melvin",14,14,5,184,641
spencerjohnson/2505864,"Johnson, Spencer",14,0,--,0,0
montariohardesty/497178,"Hardesty, Montario",10,10,1,88,266
jerelladams/2555311,"Adams, Jerell",13,0,1,0,0
jonathanbabineaux/2506398,"Babineaux, Jonathan",15,0,--,0,0
derrickmason/2501898,"Mason, Derrick",16,16,--,--,--
anthonybecht/2504099,"Becht, Anthony",9,0,--,0,0
ejmanuel/2539228,"Manuel, EJ",10,10,3,53,186
brandonfields/2507248,"Fields, Brandon",16,16,--,--,--
sammywatkins/2543457,"Watkins, Sammy",16,16,0,2,8
demarcomurray/2495207,"Murray, DeMarco",13,13,1,164,897
marquisegoodwin/2539964,"Goodwin, Marquise",12,12,0,3,13
richardmarshall/2495894,"Marshall, Richard",16,0,--,0,0
shawnnelson/71413,"Nelson, Shawn",5,0,1,0,0
ryantannehill/2532956,"Tannehill, Ryan",16,16,4,49,211
jeffgarcia/2500758,"Garcia, Jeff",0,0,--,--,--
marcedeslewis/2495888,"Lewis, Marcedes",16,0,2,0,0
pierrethomas/2507141,"Thomas, Pierre",6,6,0,83,269
tylerthigpen/2507244,"Thigpen, Tyler",5,5,1,13,73
javarrisjames/497182,"James, Javarris",10,10,0,46,112
darcyjohnson/2506644,"Johnson, Darcy",4,0,--,0,0
derrickcoleman/2534871,"Coleman, Derrick",12,12,0,2,3
de'vanteharris/2556833,"Harris, De'Vante",10,0,1,0,0
charlestillman/2505625,"Tillman, Charles",16,0,--,0,0
camnewton/2495455,"Newton, Cam",16,16,2,126,706
draytonflorence/2505506,"Florence, Drayton",16,0,--,0,0
khiryrobinson/2542022,"Robinson, Khiry",10,10,0,54,224
paxtonlynch/2555316,"Lynch, Paxton",3,3,0,11,25
armantiedwards/497110,"Edwards, Armanti",3,3,0,1,7
tylerpalko/2507140,"Palko, Tyler",2,2,0,2,5
andrewsendejo/2525323,"Sendejo, Andrew",2,2,--,--,--
johnnyholton/2556805,"Holton, Johnny",15,15,1,6,43
martellusbennett/1062,"Bennett, Martellus",16,16,--,--,--
bobbyrainey/2534571,"Rainey, Bobby",0,0,--,--,--
coreygrant/2553650,"Grant, Corey",6,6,1,6,2
andydalton/2495143,"Dalton, Andy",16,16,1,37,152
rashieddavis/2506336,"Davis, Rashied",16,16,--,--,--
kellenclemens/2506895,"Clemens, Kellen",1,1,0,2,9
mikegillislee/2539663,"Gillislee, Mike",3,3,0,6,21
joewebb/1037347,"Webb, Joe",5,5,0,18,120
bennycunningham/2541544,"Cunningham, Benny",14,14,2,47,261
anthonysherman/2495340,"Sherman, Anthony",15,15,0,1,3
bishopsankey/2543682,"Sankey, Bishop",16,16,2,152,569
tashaungipson/2532848,"Gipson, Tashaun",10,0,--,0,0
joshnorman/2532920,"Norman, Josh",16,0,--,0,0
jonathonamaya/494246,"Amaya, Jonathon",10,0,1,0,0
pierregarcon/2346,"Garcon, Pierre",14,14,0,2,6
patrickramsey/2505223,"Ramsey, Patrick",0,0,--,--,--
patrickbailey/2507329,"Bailey, Patrick",16,0,--,0,0
coltonschmidt/2542246,"Schmidt, Colton",16,16,--,--,--
calebhanie/2507385,"Hanie, Caleb",2,2,0,1,-1
eddielacy/2540168,"Lacy, Eddie",15,15,1,284,"1,178"
c.j.fiedorowicz/2543721,"Fiedorowicz, C.J.",15,0,--,0,0
mikeevans/2543468,"Evans, Mike",15,0,--,0,0
trevorlaws/772,"Laws, Trevor",15,0,1,0,0
iketaylor/2505428,"Taylor, Ike",16,0,--,0,0
christinemichael/2539322,"Michael, Christine",4,4,0,18,79
jarettdillard/71281,"Dillard, Jarett",14,0,1,0,0
johnbrown/2543847,"Brown, John",16,16,0,3,-6
deontethompson/2534436,"Thompson, Deonte",6,0,1,0,0
aaronwilliams/2508110,"Williams, Aaron",9,0,--,0,0
terrancewest/2543664,"West, Terrance",14,14,1,171,673
brandonmyers/89766,"Myers, Brandon",15,0,1,0,0
braylonedwards/2506342,"Edwards, Braylon",16,16,0,1,4
victorcruz/2507855,"Cruz, Victor",3,3,--,--,--
mattbarkley/2539308,"Barkley, Matt",3,3,0,2,-2
jeromeharrison/2495849,"Harrison, Jerome",4,4,1,31,91
greglewis/2505279,"Lewis, Greg",13,13,--,--,--
richardsherman/2495507,"Sherman, Richard",16,0,--,0,0
ryanmathews/497188,"Mathews, Ryan",12,12,4,158,678
jasonwitten/2505629,"Witten, Jason",16,0,1,0,0
jamaalcharles/925,"Charles, Jamaal",16,16,2,230,"1,467"
johnbeck/2507171,"Beck, John",0,0,--,--,--
trevorsiemian/2553457,"Siemian, Trevor",1,1,0,1,-1
cedricpeerman/79629,"Peerman, Cedric",7,7,0,2,1
timtebow/497135,"Tebow, Tim",9,9,1,43,227
tomjohnson/2506779,"Johnson, Tom",13,0,--,0,0
malcolmbrown/2552382,"Brown, Malcolm",1,1,0,4,17
casekeenum/2532888,"Keenum, Case",8,8,0,14,72
teddybridgewater/2543465,"Bridgewater, Teddy",13,13,0,47,209
bryananger/2533000,"Anger, Bryan",16,16,--,--,--
lataviusmurray/2541161,"Murray, Latavius",15,15,1,82,424
devinaromashodu/2495800,"Aromashodu, Devin",14,0,--,0,0
frankiehammond/2541828,"Hammond, Frankie",16,0,--,0,0
brianwestbrook/2505086,"Westbrook, Brian",14,14,0,77,340
de'anthonythomas/2543638,"Thomas, De'Anthony",12,12,0,14,113
antwionewilliams/2556376,"Williams, Antwione",14,0,1,0,0
kevinkolb/2507169,"Kolb, Kevin",7,7,1,15,65
darrensharper/2502908,"Sharper, Darren",8,0,--,0,0
kylerudolph/2495438,"Rudolph, Kyle",15,0,--,0,0
dontrelleinman/2530700,"Inman, Dontrelle",7,0,--,0,0
elbertmack/2507359,"Mack, Elbert",12,0,1,0,0
brianhoyer/81294,"Hoyer, Brian",5,5,0,10,-8
justinforsett/927,"Forsett, Justin",16,16,0,118,523
jasonbabin/2505900,"Babin, Jason",16,0,--,0,0
cyrusjones/2555380,"Jones, Cyrus",10,0,5,0,0
kennethdarby/2495587,"Darby, Kenneth",14,14,0,34,107
isaacredman/2507591,"Redman, Isaac",16,16,1,52,247
devontaebooker/2555223,"Booker, Devontae",16,16,2,174,612
shawnwilliams/2539233,"Williams, Shawn",16,0,--,0,0
adamhumphries/2553895,"Humphries, Adam",13,13,--,--,--
brianfinneran/2500634,"Finneran, Brian",16,0,--,0,0
christhompson/2540011,"Thompson, Chris",4,4,--,--,--
jerreljernigan/2495179,"Jernigan, Jerrel",8,8,--,--,--
chrishogan/2530515,"Hogan, Chris",0,0,--,--,--
ryannassib/2539961,"Nassib, Ryan",0,0,--,--,--
deangelohall/2506108,"Hall, DeAngelo",16,0,--,0,0
bryantjohnson/2505656,"Johnson, Bryant",14,14,--,--,--
kerwynnwilliams/2539980,"Williams, Kerwynn",1,1,--,--,--
sambradford/497095,"Bradford, Sam",16,16,1,27,63
jeremylane/2534834,"Lane, Jeremy",13,0,--,0,0
byronwestbrook/2507294,"Westbrook, Byron",16,0,--,0,0
jeremylangford/2552379,"Langford, Jeremy",16,16,0,148,537
andylee/2506017,"Lee, Andy",16,16,--,--,--
jaronbrown/2541966,"Brown, Jaron",16,0,--,0,0
jamieharper/2495464,"Harper, Jamie",13,13,1,17,44
kerryrhodes/2506460,"Rhodes, Kerry",16,0,1,0,0
terrancewilliams/2539205,"Williams, Terrance",16,16,0,3,4
christianponder/2495215,"Ponder, Christian",11,11,1,28,219
andreroberts/497320,"Roberts, Andre",15,15,--,--,--
seanmannion/2552576,"Mannion, Sean",1,1,--,--,--
beaniewells/79661,"Wells, Beanie",13,13,1,116,397
hankbaskett/2495804,"Baskett, Hank",2,0,--,0,0
derekanderson/2506546,"Anderson, Derek",12,12,1,5,25
a.j.derby/2552580,"Derby, A.J.",4,0,--,0,0
kniledavis/2540178,"Davis, Knile",16,16,1,70,242
chestertaylor/2505181,"Taylor, Chester",16,16,0,112,267
acesanders/2540267,"Sanders, Ace",15,15,0,2,4
demetriusharris/2541187,"Harris, Demetrius",8,0,--,0,0
percyharvin/80425,"Harvin, Percy",14,14,0,18,107
philliptanner/2530990,"Tanner, Phillip",9,9,0,22,76
devontafreeman/2543583,"Freeman, Devonta",16,16,1,65,248
aaronburbridge/2555362,"Burbridge, Aaron",16,0,1,0,0
traviskelce/2540258,"Kelce, Travis",1,1,--,--,--
trevordavis/2555413,"Davis, Trevor",11,0,2,0,0
mardygilyard/497292,"Gilyard, Mardy",11,0,1,0,0
reggienelson/2507167,"Nelson, Reggie",16,0,1,0,0
davezastudil/2505105,"Zastudil, Dave",15,15,--,--,--
blakebortles/2543477,"Bortles, Blake",14,14,3,56,419
curtismarsh/2508116,"Marsh, Curtis",7,0,2,0,0
kennystills/2540202,"Stills, Kenny",16,16,0,3,10
owendaniels/2495825,"Daniels, Owen",11,0,--,0,0
brieanboddy-calhoun/2556475,"Boddy-Calhoun, Briean",14,0,1,0,0
fredjackson/2506871,"Jackson, Fred",16,16,4,222,927
kenjonbarner/2539289,"Barner, Kenjon",8,8,0,6,7
lawrencevickers/2506953,"Vickers, Lawrence",16,16,0,5,11
rahimmoore/2495503,"Moore, Rahim",15,0,--,0,0
georgeatkinson/2550540,"Atkinson, George",5,5,--,--,--
bradmaynard/2501931,"Maynard, Brad",16,16,--,--,--
jalensaunders/2543745,"Saunders, Jalen",3,0,2,0,0
johnkuhn/2506147,"Kuhn, John",16,16,1,84,281
zachbrown/2532804,"Brown, Zach",16,0,1,0,0
mikethomas/2556381,"Thomas, Mike",15,0,1,0,0
mauriceharris/2556404,"Harris, Maurice",10,0,1,0,0
brianrobison/2495723,"Robison, Brian",16,0,--,0,0
chrismaragos/2507918,"Maragos, Chris",3,3,--,--,--
jamesihedigbo/2507301,"Ihedigbo, James",14,0,--,0,0
ruvellmartin/2505787,"Martin, Ruvell",5,0,--,0,0
matthewslater/4487,"Slater, Matthew",15,15,--,--,--
joeflacco/382,"Flacco, Joe",16,16,2,43,84
brentcelek/2507218,"Celek, Brent",16,0,--,0,0
jamesfarrior/2500597,"Farrior, James",16,0,--,0,0
bruceellington/2543646,"Ellington, Bruce",13,13,0,6,28
reggiewayne/2504747,"Wayne, Reggie",16,16,--,--,--
devinhester/2506897,"Hester, Devin",16,16,0,7,30
marcusthigpen/2507596,"Thigpen, Marcus",16,16,0,1,8
mikelleshoure/2495468,"Leshoure, Mikel",14,14,3,215,798
nnamdiasomugha/2505580,"Asomugha, Nnamdi",14,0,--,0,0
randallgay/2505748,"Gay, Randall",4,0,--,0,0
lamichaeljames/2533036,"James, LaMichael",4,4,1,27,125
laurencemaroney/2506884,"Maroney, Laurence",0,0,--,--,--
darriusheyward-bey/80427,"Heyward-Bey, Darrius",15,15,1,4,48
davidnelson/2507884,"Nelson, David",15,0,--,0,0
bernardpierce/2533545,"Pierce, Bernard",16,16,0,108,532
sherrickmcmanis/494289,"McManis, Sherrick",14,0,--,0,0
dejikarim/1037847,"Karim, Deji",11,11,1,35,160
timhightower/4383,"Hightower, Tim",16,16,4,153,736
kevinfaulk/2500600,"Faulk, Kevin",2,2,0,8,45
cedricthornton/2495356,"Thornton, Cedric",0,0,--,0,0
jakedelhomme/2500361,"Delhomme, Jake",5,5,1,8,-2
eddickson/497224,"Dickson, Ed",15,0,--,0,0
andrejohnson/2505551,"Johnson, Andre",13,13,0,2,10
carsonpalmer/2505245,"Palmer, Carson",16,16,4,32,50
kahlilbell/80630,"Bell, Kahlil",0,0,--,--,--
willtye/2553830,"Tye, Will",13,0,1,0,0
andrewluck/2533031,"Luck, Andrew",16,16,1,62,255
tyvonbranch/1681,"Branch, Tyvon",16,0,--,0,0
chrisharper/2553652,"Harper, Chris",5,0,1,0,0
samkoch/2506969,"Koch, Sam",16,16,1,1,0
tonyrichardson/2502655,"Richardson, Tony",16,16,0,5,13
karlosdansby/2506112,"Dansby, Karlos",14,0,--,0,0
brandonlafell/497302,"LaFell, Brandon",14,14,0,1,60
tylerervin/2555234,"Ervin, Tyler",12,12,0,1,3
shaundraughn/2495461,"Draughn, Shaun",1,1,--,--,--
calvinjohnson/2495647,"Johnson, Calvin",15,15,0,4,32
trentedwards/2507189,"Edwards, Trent",2,2,0,5,24
ahmadbrooks/2507010,"Brooks, Ahmad",15,0,--,0,0
travisbenjamin/2532790,"Benjamin, Travis",14,14,0,6,66
nilespaul/2495211,"Paul, Niles",13,13,0,1,7
danesanzenbacher/2495338,"Sanzenbacher, Dane",16,16,0,1,-4
jordannorwood/71417,"Norwood, Jordan",0,0,--,--,--
donaldlee/2505451,"Lee, Donald",15,0,1,0,0
kellendavis/2507486,"Davis, Kellen",16,0,--,0,0
tedginn/2507166,"Ginn, Ted",13,13,0,2,11
dariusjohnson/2539958,"Johnson, Darius",10,0,1,0,0
marqiselee/2543475,"Lee, Marqise",13,13,0,3,9
jayajayi/2552582,"Ajayi, Jay",9,9,0,49,187
arreliousbenn/497270,"Benn, Arrelious",15,15,0,6,35
d.j.ware/2495772,"Ware, D.J.",14,14,0,20,73
leonardweaver/2506179,"Weaver, Leonard",1,1,0,1,0
terrellowens/2502377,"Owens, Terrell",14,14,--,--,--
adamjones/2506345,"Jones, Adam",5,5,--,--,--
bradyquinn/2495714,"Quinn, Brady",0,0,--,--,--
charlesjames/2541931,"James, Charles",12,0,1,0,0
andreellington/2539217,"Ellington, Andre",15,15,1,118,652
maxhall/497112,"Hall, Max",6,6,0,1,-5
jeffking/2495877,"King, Jeff",16,0,--,0,0
travisgoethel/496923,"Goethel, Travis",8,0,--,0,0
boscaife/2506514,"Scaife, Bo",14,14,--,--,--
rockcartwright/2505215,"Cartwright, Rock",16,16,0,9,22
keithnull/238471,"Null, Keith",0,0,--,--,--
jerhemeurban/2505342,"Urban, Jerheme",6,6,0,1,7
dionlewis/2495469,"Lewis, Dion",15,15,0,23,102
brandonjackson/2507179,"Jackson, Brandon",16,16,1,190,703
chesterrogers/2556396,"Rogers, Chester",14,0,2,0,0
derekschouman/2495732,"Schouman, Derek",4,0,--,0,0
mattforte/234,"Forte, Matt",16,16,0,237,"1,069"
justingage/2505497,"Gage, Justin",11,0,--,0,0
ryantorain/1996,"Torain, Ryan",10,10,2,164,742
marcusmurphy/2552647,"Murphy, Marcus",13,13,0,1,0
chazschilens/4505,"Schilens, Chaz",5,5,--,--,--
alexerickson/2556519,"Erickson, Alex",16,0,3,0,0
cameronmeredith/2553568,"Meredith, Cameron",11,11,--,--,--
phillipadams/1037889,"Adams, Phillip",15,0,1,0,0
londonfletcher/2500650,"Fletcher, London",16,0,--,0,0
rishardmatthews/2532903,"Matthews, Rishard",8,8,--,--,--
kelvinbenjamin/2543471,"Benjamin, Kelvin",16,0,1,0,0
andrewhawkins/2508097,"Hawkins, Andrew",13,13,0,5,25
tressway/2541903,"Way, Tress",16,16,0,1,2
bentate/497208,"Tate, Ben",15,15,4,175,942
scotttolzien/2495425,"Tolzien, Scott",0,0,--,--,--
jamesharrison/2504844,"Harrison, James",16,0,--,0,0
tobygerhart/497176,"Gerhart, Toby",15,15,1,81,322
javonringer/79635,"Ringer, Javon",16,16,0,51,239
vincentjackson/2506400,"Jackson, Vincent",5,5,0,1,14
ryanlindley/2532894,"Lindley, Ryan",6,6,1,4,7
ruebenrandle/2533533,"Randle, Rueben",16,0,1,0,0
jordynelson/1032,"Nelson, Jordy",16,0,3,0,0
cordarrellepatterson/2540145,"Patterson, Cordarrelle",16,16,0,12,158
lorenzoalexander/2506268,"Alexander, Lorenzo",16,0,--,0,0
jameiswinston/2552033,"Winston, Jameis",16,16,3,54,213
robbyanderson/2556462,"Anderson, Robby",16,16,0,3,42
sammartin/2541311,"Martin, Sam",16,16,2,2,3
c.j.anderson/2540269,"Anderson, C.J.",5,5,0,7,38
marksanchez/79858,"Sanchez, Mark",16,16,4,30,105
marcuscooper/2541202,"Cooper, Marcus",16,0,--,0,0
ryanfitzpatrick/2506581,"Fitzpatrick, Ryan",13,13,4,40,269
alharris/2501037,"Harris, Al",3,0,--,0,0
levinetoilolo/2540203,"Toilolo, Levine",16,0,--,0,0
rexburkhead/2539265,"Burkhead, Rex",1,1,--,--,--
jackdoyle/2540232,"Doyle, Jack",15,0,--,0,0
brittangolden/2535988,"Golden, Brittan",5,0,--,0,0
machoharris/2507767,"Harris, Macho",3,0,--,0,0
joshferguson/2556411,"Ferguson, Josh",16,16,0,15,20
kylejuszczyk/2540230,"Juszczyk, Kyle",16,16,--,--,--
brycepetty/2552369,"Petty, Bryce",0,0,--,--,--
earlthomas/2508080,"Thomas, Earl",16,0,--,0,0
darrenmcfadden/284,"McFadden, Darren",13,13,3,223,"1,157"
dominiquefranks/496731,"Franks, Dominique",2,0,--,0,0
nickfoles/2532842,"Foles, Nick",7,7,3,11,42
prestonparker/497312,"Parker, Preston",9,9,0,1,7
robertalford/2539653,"Alford, Robert",16,0,1,0,0
drewkaser/2555151,"Kaser, Drew",16,16,1,1,0
michaeljenkins/2505976,"Jenkins, Michael",11,11,--,--,--
giovanibernard/2540156,"Bernard, Giovani",16,16,1,170,695
weswelker/2505790,"Welker, Wes",15,15,--,--,--
monteeball/2539341,"Ball, Montee",16,16,2,120,559
phillipsupernaw/2535535,"Supernaw, Phillip",1,0,--,0,0
mikebell/2506767,"Bell, Mike",5,5,0,16,28
jakeemgrant/2556190,"Grant, Jakeem",16,16,0,1,1
antwaanrandleel/2505060,"Randle El, Antwaan",16,16,0,1,2
jeremyross/2530598,"Ross, Jeremy",5,5,--,--,--
keenanallen/2540154,"Allen, Keenan",15,0,2,0,0
johnathanfranklin/2539326,"Franklin, Johnathan",11,11,2,19,107
josephrandle/2540171,"Randle, Joseph",13,13,0,54,164
trumainemcbride/2495669,"McBride, Trumaine",14,0,--,0,0
michaelkoenen/2506255,"Koenen, Michael",16,16,--,--,--
nickbellore/2495262,"Bellore, Nick",16,0,--,0,0
jorvorskielane/2536532,"Lane, Jorvorskie",16,16,1,13,13
t.j.yeldon/2552471,"Yeldon, T.J.",12,12,0,182,740
larrydonnell/2537933,"Donnell, Larry",16,0,--,0,0
senecawallace/2505562,"Wallace, Seneca",8,8,1,7,9
tyreekhill/2556214,"Hill, Tyreek",16,16,0,24,267
goldentate/497326,"Tate, Golden",11,11,0,2,4
harrydouglas/222,"Douglas, Harry",16,16,0,2,-5
mikedavis/2553439,"Davis, Mike",6,6,0,35,58
mikevick/2504531,"Vick, Mike",12,12,4,100,676
leodismckelvin/1298,"McKelvin, Leodis",16,0,3,0,0
grahamharrell/71321,"Harrell, Graham",0,0,--,--,--
davidfales/2543751,"Fales, David",0,0,--,--,--
michaelhoomanawanui/497246,"Hoomanawanui, Michael",8,8,--,--,--
brandonbanks/497266,"Banks, Brandon",13,13,0,2,6
jeremykerley/2495189,"Kerley, Jeremy",14,14,0,5,28
a.j.feeley/2504566,"Feeley, A.J.",0,0,--,--,--
shanevereen/2495473,"Vereen, Shane",5,5,0,15,57
reaganmaui'a/2507228,"Maui'a, Reagan",15,15,--,--,--
jimmykennedy/2505655,"Kennedy, Jimmy",9,0,1,0,0
gavinescobar/2540211,"Escobar, Gavin",16,0,--,0,0
ryantaylor/2508137,"Taylor, Ryan",15,0,--,0,0
blainegabbert/2495441,"Gabbert, Blaine",15,15,8,48,98
joshjohnson/264,"Johnson, Josh",11,11,0,4,39
jimleonhard/2506279,"Leonhard, Jim",11,0,--,0,0
genosmith/2539335,"Smith, Geno",16,16,3,72,366
landryjones/2539287,"Jones, Landry",0,0,--,--,--
jaredgoff/2555334,"Goff, Jared",7,7,0,8,16
patrickpeterson/2495504,"Peterson, Patrick",16,16,1,1,0
israelidonije/2505324,"Idonije, Israel",16,0,--,0,0
joshhuff/2543746,"Huff, Josh",12,12,0,1,7
wendellsmallwood/2555461,"Smallwood, Wendell",13,13,1,77,312
mattcassel/2506562,"Cassel, Matt",15,15,1,33,125
davidcarr/2504804,"Carr, David",1,1,--,--,--
devinsmith/2553434,"Smith, Devin",10,0,1,0,0
ricardolouis/2555473,"Louis, Ricardo",16,0,1,0,0
dontewhitner/2495988,"Whitner, Donte",16,0,--,0,0
curtispainter/81300,"Painter, Curtis",0,0,--,--,--
jalinmarshall/2556606,"Marshall, Jalin",10,0,4,0,0
ajmccarron/2543497,"McCarron, AJ",0,0,--,--,--
aarondobson/2539256,"Dobson, Aaron",12,0,1,0,0
cameronbrate/2550656,"Brate, Cameron",5,0,--,0,0
j.t.o'sullivan/2505163,"O'Sullivan, J.T.",0,0,--,--,--
chadhenne/252,"Henne, Chad",15,15,4,35,52
kevinbarnes/80628,"Barnes, Kevin",10,0,--,0,0
jimmygaroppolo/2543801,"Garoppolo, Jimmy",6,6,0,10,9
chrisivory/2507999,"Ivory, Chris",12,12,4,137,716
quintindemps/1974,"Demps, Quintin",2,0,--,0,0
benleber/2505067,"Leber, Ben",16,0,--,0,0
keiwanratliff/2506113,"Ratliff, Keiwan",3,0,--,0,0
arianfoster/79555,"Foster, Arian",16,16,3,327,"1,616"
daniealmanning/2495892,"Manning, Danieal",16,0,--,0,0
jordancameron/2495267,"Cameron, Jordan",8,0,--,0,0
tomzbikowski/2000,"Zbikowski, Tom",8,0,--,0,0
mikeglennon/2539275,"Glennon, Mike",13,13,4,27,37
randallcobb/2495448,"Cobb, Randall",15,15,0,2,5
jacquizzrodgers/2495471,"Rodgers, Jacquizz",16,16,1,57,205
chadjohnson/2504651,"Johnson, Chad",14,14,--,--,--
christianballard/2495261,"Ballard, Christian",16,0,--,0,0
aaronrodgers/2506363,"Rodgers, Aaron",15,15,2,64,356
dennispitta/497254,"Pitta, Dennis",11,0,--,0,0
legedunaanee/2495689,"Naanee, Legedu",10,10,0,3,-2
brockosweiler/2533436,"Osweiler, Brock",5,5,0,8,-13
hakeemnicks/80672,"Nicks, Hakeem",13,13,--,--,--
torreysmith/2495459,"Smith, Torrey",16,16,0,4,39
quinnjohnson/79593,"Johnson, Quinn",0,11,--,--,--
saalimhakim/2535716,"Hakim, Saalim",0,0,--,--,--
dwaynewashington/2556118,"Washington, Dwayne",0,12,0,90,265
johncarney/2499991,"Carney, John",0,2,--,--,--
zachline/2539303,"Line, Zach",0,3,--,--,--
braxtonmiller/2555348,"Miller, Braxton",0,10,0,3,0
rashadjohnson/71353,"Johnson, Rashad",0,16,--,--,--
phildawson/2500351,"Dawson, Phil",0,16,--,--,--
isaabdul-quddus/2530658,"Abdul-Quddus, Isa",0,16,--,--,--
jayprosch/2543695,"Prosch, Jay",0,16,--,--,--
davidgettis/497290,"Gettis, David",0,15,0,3,2
cameronartis-payne/2552375,"Artis-Payne, Cameron",0,7,0,45,183
aldrickrobinson/2495331,"Robinson, Aldrick",0,0,--,--,--
orleansdarkwa/2550481,"Darkwa, Orleans",0,4,0,4,2
quintenlawrence/79597,"Lawrence, Quinten",0,0,--,--,--
treyburton/2550284,"Burton, Trey",0,15,0,5,10
chrisowusu/2532923,"Owusu, Chris",0,5,--,--,--
treywilliams/2553486,"Williams, Trey",0,0,--,--,--
treywatts/2550448,"Watts, Trey",0,14,0,7,30
derrickhenry/2556075,"Henry, Derrick",0,15,0,110,490
markuswheaton/2539291,"Wheaton, Markus",0,12,--,--,--
jordansenn/2507398,"Senn, Jordan",0,14,0,1,5
owenschmitt/312,"Schmitt, Owen",0,15,--,--,--
terrencemagee/2552383,"Magee, Terrence",0,4,0,2,5
codylatimer/2543590,"Latimer, Cody",0,8,--,--,--
terronward/2553762,"Ward, Terron",0,13,0,29,95
mikekafka/497117,"Kafka, Mike",0,0,--,--,--
jalenrichard/2556885,"Richard, Jalen",0,16,0,83,491
jeremiahjohnson/71349,"Johnson, Jeremiah",0,8,0,14,77
jamescasey/71247,"Casey, James",0,16,--,--,--
joebanyard/2535696,"Banyard, Joe",0,3,--,--,--
gregcamarillo/2506331,"Camarillo, Greg",0,16,--,--,--
georgewinn/2541910,"Winn, George",0,12,0,19,73
rayagnew/2550175,"Agnew, Ray",0,12,0,2,2
patrickdimarco/2530763,"DiMarco, Patrick",0,5,--,--,--
richardrodgers/2550313,"Rodgers, Richard",0,16,--,--,--
fitzgeraldtoussaint/2550738,"Toussaint, Fitzgerald",0,4,0,6,12
zachmiller/238457,"Miller, Zach",0,15,0,2,9
anthonyallen/2508138,"Allen, Anthony",0,5,0,3,8
spencerlarsen/272,"Larsen, Spencer",0,11,0,3,18
deonanderson/2495534,"Anderson, Deon",0,1,--,--,--
brandenoliver/2550658,"Oliver, Branden",0,14,0,160,582
tajaesharpe/2555317,"Sharpe, Tajae",0,16,0,1,1
mikekarney/2505991,"Karney, Mike",0,12,0,6,12
craigdahl/2495585,"Dahl, Craig",0,15,--,--,--
sammiecoates/2552470,"Coates, Sammie",0,6,--,--,--
jarradpage/2495924,"Page, Jarrad",0,10,--,--,--
alonzoharris/2553533,"Harris, Alonzo",0,6,0,4,19
breshadperriman/2552597,"Perriman, Breshad",0,0,--,--,--
coreycoleman/2555333,"Coleman, Corey",0,10,0,2,10
dontaripoe/2533435,"Poe, Dontari",0,16,--,--,--
willta'ufo'ou/2507585,"Ta'ufo'ou, Will",0,6,--,--,--
b.j.daniels/2541429,"Daniels, B.J.",0,0,--,--,--
jameswhite/2543773,"White, James",0,3,0,9,38
davidakers/2499370,"Akers, David",0,16,--,--,--
edwinbaker/2533540,"Baker, Edwin",0,0,--,--,--
davidgilreath/2530957,"Gilreath, David",0,0,--,--,--
tysonalualu/496760,"Alualu, Tyson",0,16,--,--,--
j.d.mckissic/2556440,"McKissic, J.D.",0,0,--,--,--
tremcbride/2552428,"McBride, Tre",0,7,0,1,8
montellowens/2506817,"Owens, Montell",0,16,--,--,--
willjohnson/163982,"Johnson, Will",0,16,0,2,7
neilrackers/2504287,"Rackers, Neil",0,16,--,--,--
tommybohanon/2540225,"Bohanon, Tommy",0,16,0,17,62
chaunceywashington/953,"Washington, Chauncey",0,1,--,--,--
nickharris/2504542,"Harris, Nick",0,16,--,--,--
manasetonga/497210,"Tonga, Manase",0,11,0,1,12
jalstonfowler/2552464,"Fowler, Jalston",0,16,0,7,13
byronmarshall/2556841,"Marshall, Byron",0,3,0,19,64
kevino'connell/371,"O'Connell, Kevin",0,0,--,--,--
chadhall/2507812,"Hall, Chad",0,8,0,9,29
mikejames/2540224,"James, Mike",0,8,0,60,295
kelleywashington/2505670,"Washington, Kelley",0,8,--,--,--
marvinjones/2532884,"Jones, Marvin",0,11,0,3,47
brandonmcmanus/2541556,"McManus, Brandon",0,15,--,--,--
sterlingshepard/2555295,"Shepard, Sterling",0,16,0,3,31
joshbellamy/2535964,"Bellamy, Josh",0,3,--,--,--
jamesdavis/2507796,"Davis, James",0,4,0,4,9
kevinhogan/2555263,"Hogan, Kevin",0,4,0,8,105
mossismadu/2530789,"Madu, Mossis",0,9,0,15,55
coltanderson/2507597,"Anderson, Colt",0,8,--,--,--
c.j.prosise/2555417,"Prosise, C.J.",0,6,0,30,172
jordantodman/2495472,"Todman, Jordan",0,0,--,--,--
devinthomas/1036,"Thomas, Devin",0,4,--,--,--
aaronripkowski/2552477,"Ripkowski, Aaron",0,15,--,--,--
peytonbarber/2556466,"Barber, Peyton",0,15,0,55,223
dwaynejarrett/2507172,"Jarrett, Dwayne",0,3,--,--,--
tonyfiammetta/71299,"Fiammetta, Tony",0,14,0,7,22
jehuucaulcrick/1355,"Caulcrick, Jehuu",0,2,0,1,2
sheldonrichardson/2540142,"Richardson, Sheldon",0,16,0,4,4
jamizeolawale/2536044,"Olawale, Jamize",0,3,--,--,--
tylervarga/2552578,"Varga, Tyler",0,3,0,1,2
rodsmith/2553743,"Smith, Rod",0,1,0,2,5
jameswright/2550162,"Wright, James",0,11,0,3,30
kasenwilliams/2554138,"Williams, Kasen",0,2,0,1,5
marlonbrown/2540005,"Brown, Marlon",0,14,0,1,-2
keithsmith/2550400,"Smith, Keith",0,10,--,--,--
jefflocke/2540237,"Locke, Jeff",0,16,--,--,--
brandonbolden/2532797,"Bolden, Brandon",0,10,0,56,274
mattgiordano/2506472,"Giordano, Matt",0,9,--,--,--
brandonsaine/2495222,"Saine, Brandon",0,8,0,18,69
joshvaughan/2507629,"Vaughan, Josh",0,3,0,3,7
terrellwatson/2553617,"Watson, Terrell",0,1,0,9,28
keithellison/2506951,"Ellison, Keith",0,8,--,--,--
quintonganther/2495836,"Ganther, Quinton",0,3,--,--,--
chrisprosinski/2499249,"Prosinski, Chris",0,13,--,--,--
jeffjanis/2543750,"Janis, Jeff",0,3,--,--,--
kapribibbs/2550542,"Bibbs, Kapri",0,0,--,--,--
baronbatch/2499274,"Batch, Baron",0,12,0,25,49
olindomare/2501868,"Mare, Olindo",0,16,--,--,--
b.j.raji/79631,"Raji, B.J.",0,16,--,--,--
marqueisgray/2540259,"Gray, MarQueis",0,12,0,6,43
dashongoldson/2495611,"Goldson, Dashon",0,16,--,--,--
albertyoung/2507378,"Young, Albert",0,3,0,13,29
quincyenunwa/2543828,"Enunwa, Quincy",0,1,--,--,--
virgilgreen/2495288,"Green, Virgil",0,15,--,--,--
russellshepard/2541944,"Shepard, Russell",0,14,--,--,--
daniellasco/2555219,"Lasco, Daniel",0,7,0,11,32
stormjohnson/2543570,"Johnson, Storm",0,6,0,29,86
m.d.jennings/2530703,"Jennings, M.D.",0,15,--,--,--
andyjanovich/2555432,"Janovich, Andy",0,11,0,4,33
stepfantaylor/2539315,"Taylor, Stepfan",0,16,0,36,115
dontemoncrief/2543614,"Moncrief, Donte",0,16,0,4,17
nateeachus/2535982,"Eachus, Nate",0,11,0,5,18
dimitrinance/2507821,"Nance, Dimitri",0,12,0,36,95
zurlontipton/2550407,"Tipton, Zurlon",0,6,0,10,18
ryanhewitt/2550206,"Hewitt, Ryan",0,16,0,1,0
steveweatherford/2506821,"Weatherford, Steve",0,16,0,1,17
joshhill/2541834,"Hill, Josh",0,14,0,1,-8
mackbrown/2553867,"Brown, Mack",0,9,0,8,82
rhettellison/2532835,"Ellison, Rhett",0,16,--,--,--
brycetreggs/2556697,"Treggs, Bryce",0,9,0,2,7
keithtandy/2534741,"Tandy, Keith",0,9,0,1,18
shanewynn/2553630,"Wynn, Shane",0,5,0,2,5
jordanbabineaux/2505783,"Babineaux, Jordan",0,16,--,--,--
armandoallen/2495257,"Allen, Armando",0,2,0,15,48
valentinoblake/2534566,"Blake, Valentino",0,16,--,--,--
cardalejones/2555426,"Jones, Cardale",0,1,0,1,-1
jeffdemps/2532831,"Demps, Jeff",0,2,0,1,14
jerickmckinnon/2543715,"McKinnon, Jerick",0,11,0,113,538
richardbartel/2507299,"Bartel, Richard",0,1,--,--,--
clydegates/2495284,"Gates, Clyde",0,15,0,1,4
d.j.foster/2556528,"Foster, D.J.",0,3,0,7,24
robkelley/2556414,"Kelley, Rob",0,15,0,168,704
tiquanunderwood/71491,"Underwood, Tiquan",0,10,--,--,--
shilohkeo/2495188,"Keo, Shiloh",0,10,--,--,--
bradleymarquez/2553725,"Marquez, Bradley",0,16,--,--,--
demarcusayers/2555465,"Ayers, DeMarcus",0,2,0,2,-12
austinjohnson/2534437,"Johnson, Austin",0,7,0,8,22
bradnortman/2532921,"Nortman, Brad",0,16,--,--,--
jordanpalmer/2507237,"Palmer, Jordan",0,1,--,--,--
michaelburton/2552636,"Burton, Michael",0,16,0,4,2
chrisjones/2539987,"Jones, Chris",0,2,--,--,--
raymondventrone/2506291,"Ventrone, Raymond",0,16,--,--,--
kevinwhite/2553432,"White, Kevin",0,4,0,1,9
kassimosgood/2505310,"Osgood, Kassim",0,16,--,--,--
brandonwilds/2556454,"Wilds, Brandon",0,4,0,10,27
ryanmallett/2495443,"Mallett, Ryan",0,0,--,--,--
michaelcampanaro/2550163,"Campanaro, Michael",0,4,--,--,--
albertwilson/2550272,"Wilson, Albert",0,12,--,--,--
harukinakamura/4295,"Nakamura, Haruki",0,16,--,--,--
dennisjohnson/2539936,"Johnson, Dennis",0,8,0,49,183
timothywright/2541768,"Wright, Timothy",0,16,0,1,2
jeffheath/2541832,"Heath, Jeff",0,16,--,--,--
joshharris/2551247,"Harris, Josh",0,5,0,9,16
quanbray/2553467,"Bray, Quan",0,9,--,--,--
derekwatt/2555220,"Watt, Derek",0,16,0,2,4
jackiebattle/2507278,"Battle, Jackie",0,16,0,20,50
ericebron/2543466,"Ebron, Eric",0,13,--,--,--
joekerridge/2556415,"Kerridge, Joe",0,8,0,1,0
